dt,cluster_no,bonbu,sido,cluster_nm,eqp_op_als_nm,cell_id,aau_nm,eqp_vend_nm,except_cause,priority,target_prb_15m,target_prb_1h,nr_rsrp_cnt,nr_rsrp_atlas_roundup,max_peak_dl_prb_15m,max_peak_dl_prb_1h,max_peak_users,max_peak_dl_prb_2025end_15m,max_peak_dl_prb_2025end_1h,max_peak_users_2025end,app_tput_max,app_tput_now,app_tput_2025end,app_tput_now_peruser,app_tput_2025end_peruser
20240901,168,중부,충북,청주,130000,17,청주55_1,삼성전자(주),,2순위,22.8,15.1,71424,-80,19.6,14.9,40,32.7,24.9,46,1116,831,563,29.7,17.5
20240901,168,중부,충북,청주,130000,18,청주55_2,삼성전자(주),,2순위,31.4,24.5,23040,-85,7.9,6.2,17,13.1,10.3,20,1007,799,793,67.1,56.6
20240901,168,중부,충북,청주,130000,20,청주55_3,삼성전자(주),,1순위,22.8,17,446976,-75,13.2,11.6,60,22.1,19.4,69,1225,984,812,23.4,16.8
20240902,168,중부,충북,청주,130000,17,청주55_1,삼성전자(주),,2순위,22.8,15.1,23040,-80,18,11.8,53,30.1,19.7,61,1116,831,643,22.4,15.1
20240902,168,중부,충북,청주,130000,18,청주55_2,삼성전자(주),,2순위,31.4,24.5,6912,-75,12.5,6.7,21,20.9,11.2,24,1225,984,916,67,54.6
20240902,168,중부,충북,청주,130000,20,청주55_3,삼성전자(주),,1순위,22.8,17,437760,-75,18.1,16.2,85,30.2,27,98,1225,916,746,15.4,10.9
20240903,168,중부,충북,청주,130000,17,청주55_1,삼성전자(주),,2순위,22.8,15.1,16128,-80,12.6,11,62,21,18.3,71,1116,869,831,20,16.7
20240903,168,중부,충북,청주,130000,18,청주55_2,삼성전자(주),,2순위,31.4,24.5,4608,-85,7.8,5.3,21,13.1,8.9,24,1007,799,793,54.3,47.2
20240903,168,중부,충북,청주,130000,20,청주55_3,삼성전자(주),,1순위,22.8,17,426240,-70,21.7,18,85,36.2,30,98,1327,884,693,14.9,10.1
20240904,168,중부,충북,청주,130000,17,청주55_1,삼성전자(주),,2순위,22.8,15.1,11520,-75,13.7,11.5,59,22.9,19.2,68,1225,984,812,23.8,17.1
20240904,168,중부,충북,청주,130000,18,청주55_2,삼성전자(주),,2순위,31.4,24.5,4608,-75,7,5.6,19,11.7,9.4,22,1225,1098,1002,82.6,65.1
20240904,168,중부,충북,청주,130000,20,청주55_3,삼성전자(주),,1순위,22.8,17,414720,-75,18.6,17.6,85,31.1,29.4,98,1225,916,666,15.4,9.7
20240905,168,중부,충북,청주,130000,17,청주55_1,삼성전자(주),,2순위,22.8,15.1,,,18.8,12,57,31.4,20,66,,,0,,0
20240905,168,중부,충북,청주,130000,18,청주55_2,삼성전자(주),,2순위,31.4,24.5,,,12.2,6.6,21,20.4,11,24,,,0,,0
20240905,168,중부,충북,청주,130000,20,청주55_3,삼성전자(주),,1순위,22.8,17,,,18.3,16.7,90,30.5,27.8,103,,,0,,0
20240906,168,중부,충북,청주,130000,17,청주55_1,삼성전자(주),,2순위,22.8,15.1,,,22,10.8,56,36.7,18,64,,,0,,0
20240906,168,중부,충북,청주,130000,18,청주55_2,삼성전자(주),,2순위,31.4,24.5,,,6.5,4.9,14,10.8,8.1,16,,,0,,0
20240906,168,중부,충북,청주,130000,20,청주55_3,삼성전자(주),,1순위,22.8,17,,,21.7,19.6,84,36.2,32.7,97,,,0,,0
20240907,168,중부,충북,청주,130000,17,청주55_1,삼성전자(주),,2순위,22.8,15.1,16830,-75,23.2,13.8,38,38.7,23,44,1225,812,586,30.5,19
20240907,168,중부,충북,청주,130000,18,청주55_2,삼성전자(주),,2순위,31.4,24.5,5610,-75,13.8,6.8,17,23.1,11.4,20,1225,984,812,82.7,58
20240907,168,중부,충북,청주,130000,20,청주55_3,삼성전자(주),,1순위,22.8,17,310420,-75,16.6,15,70,27.7,25,81,1225,984,746,20.1,13.1
20240908,168,중부,충북,청주,130000,17,청주55_1,삼성전자(주),,2순위,22.8,15.1,,,15,12.5,38,25,20.8,44,,,0,,0
20240908,168,중부,충북,청주,130000,18,청주55_2,삼성전자(주),,2순위,31.4,24.5,,,8.4,6.8,18,14,11.3,21,,,0,,0
20240908,168,중부,충북,청주,130000,20,청주55_3,삼성전자(주),,1순위,22.8,17,,,15,12.9,60,25,21.5,69,,,0,,0
20240909,168,중부,충북,청주,130000,17,청주55_1,삼성전자(주),,2순위,22.8,15.1,18432,-75,18.6,16.8,76,31,28,87,1225,916,666,17.2,10.9
20240909,168,중부,충북,청주,130000,18,청주55_2,삼성전자(주),,2순위,31.4,24.5,4608,-85,14.6,7.5,22,24.3,12.5,25,1007,793,627,51.5,35.8
20240909,168,중부,충북,청주,130000,20,청주55_3,삼성전자(주),,1순위,22.8,17,393984,-75,20.2,18.8,88,33.8,31.5,101,1225,916,666,14.9,9.4
20240910,168,중부,충북,청주,130000,17,청주55_1,삼성전자(주),,2순위,22.8,15.1,,,17.4,12.3,66,29,20.5,76,,,0,,0
20240910,168,중부,충북,청주,130000,18,청주55_2,삼성전자(주),,2순위,31.4,24.5,,,10.4,5.8,20,17.4,9.7,23,,,0,,0
20240910,168,중부,충북,청주,130000,20,청주55_3,삼성전자(주),,1순위,22.8,17,,,21.8,18.5,92,36.4,30.9,106,,,0,,0
20240911,168,중부,충북,청주,130000,17,청주55_1,삼성전자(주),,2순위,22.8,15.1,,,18.5,15.1,71,30.9,25.2,82,,,0,,0
20240911,168,중부,충북,청주,130000,18,청주55_2,삼성전자(주),,2순위,31.4,24.5,,,15.8,8.8,22,26.4,14.7,25,,,0,,0
20240911,168,중부,충북,청주,130000,20,청주55_3,삼성전자(주),,1순위,22.8,17,,,17.5,14.4,78,29.2,24,90,,,0,,0
20240912,168,중부,충북,청주,130000,17,청주55_1,삼성전자(주),,2순위,22.8,15.1,,,14.6,12.3,58,24.3,20.5,67,,,0,,0
20240912,168,중부,충북,청주,130000,18,청주55_2,삼성전자(주),,2순위,31.4,24.5,,,10.6,6.1,18,17.7,10.2,21,,,0,,0
20240912,168,중부,충북,청주,130000,20,청주55_3,삼성전자(주),,1순위,22.8,17,,,18.6,17.1,79,31.1,28.6,91,,,0,,0
20240913,168,중부,충북,청주,130000,17,청주55_1,삼성전자(주),,2순위,22.8,15.1,22080,-80,19.6,10.4,54,32.8,17.4,62,1116,831,563,22,13
20240913,168,중부,충북,청주,130000,18,청주55_2,삼성전자(주),,2순위,31.4,24.5,4416,-75,10.3,6.5,17,17.3,10.9,20,1225,1002,916,84.2,65.5
20240913,168,중부,충북,청주,130000,20,청주55_3,삼성전자(주),,1순위,22.8,17,465888,-75,22.8,19.9,93,38,33.2,107,1225,812,586,12.5,7.8
20240914,168,중부,충북,청주,130000,17,청주55_1,삼성전자(주),,2순위,22.8,15.1,24035,-75,12.5,11.5,27,20.8,19.1,31,1225,984,916,52.1,42.2
20240914,168,중부,충북,청주,130000,18,청주55_2,삼성전자(주),,2순위,31.4,24.5,4370,-90,21,8.3,12,35.1,13.9,14,887,607,413,72.3,42.1
20240914,168,중부,충북,청주,130000,20,청주55_3,삼성전자(주),,1순위,22.8,17,323380,-75,17.7,14.7,75,29.6,24.6,86,1225,916,746,17.5,12.4
20240915,168,중부,충북,청주,130000,17,청주55_1,삼성전자(주),,2순위,22.8,15.1,20736,-85,19.3,10.2,22,32.3,17.1,25,1007,707,482,45.9,27.6
20240915,168,중부,충북,청주,130000,18,청주55_2,삼성전자(주),,2순위,31.4,24.5,4608,-75,8.4,5.2,11,14,8.7,13,1225,1002,984,130.2,108.2
20240915,168,중부,충북,청주,130000,20,청주55_3,삼성전자(주),,1순위,22.8,17,343296,-75,13.5,11.4,53,22.5,19,61,1225,984,812,26.5,19
20240916,168,중부,충북,청주,130000,17,청주55_1,삼성전자(주),,2순위,22.8,15.1,,,14.1,6.7,21,23.6,11.2,24,,,0,,0
20240916,168,중부,충북,청주,130000,18,청주55_2,삼성전자(주),,2순위,31.4,24.5,,,6.9,4.4,11,11.5,7.3,13,,,0,,0
20240916,168,중부,충북,청주,130000,20,청주55_3,삼성전자(주),,1순위,22.8,17,,,12,10.3,49,20.1,17.3,56,,,0,,0
20240917,168,중부,충북,청주,130000,17,청주55_1,삼성전자(주),,2순위,22.8,15.1,25344,-80,8,4.4,19,13.3,7.3,22,1116,908,869,68.3,56.4
20240917,168,중부,충북,청주,130000,18,청주55_2,삼성전자(주),,2순위,31.4,24.5,6912,-80,6.5,4.7,12,10.8,7.8,14,1116,1005,908,119.6,92.7
20240917,168,중부,충북,청주,130000,20,청주55_3,삼성전자(주),,1순위,22.8,17,283392,-75,10.6,9.3,47,17.7,15.5,54,1225,1002,916,30.5,24.2
20240918,168,중부,충북,청주,130000,17,청주55_1,삼성전자(주),,2순위,22.8,15.1,5760,-80,16.7,7.8,31,27.8,13,36,1116,831,643,38.3,25.5
20240918,168,중부,충북,청주,130000,18,청주55_2,삼성전자(주),,2순위,31.4,24.5,,,7.8,4.8,13,13.1,8.1,15,,,0,,0
20240918,168,중부,충북,청주,130000,20,청주55_3,삼성전자(주),,1순위,22.8,17,26880,-75,16.5,12.6,60,27.5,21,69,1225,984,746,23.4,15.4
20240919,168,중부,충북,청주,130000,17,청주55_1,삼성전자(주),,2순위,22.8,15.1,29376,-80,16.8,12.3,58,28.1,20.6,67,1116,831,643,20.5,13.7
20240919,168,중부,충북,청주,130000,18,청주55_2,삼성전자(주),,2순위,31.4,24.5,6912,-80,11.5,5.8,16,19.2,9.7,18,1116,908,831,81.1,66
20240919,168,중부,충북,청주,130000,20,청주55_3,삼성전자(주),,1순위,22.8,17,362880,-75,21,18.1,87,35,30.2,100,1225,916,666,15,9.5
20240920,168,중부,충북,청주,130000,17,청주55_1,삼성전자(주),,2순위,22.8,15.1,23040,-75,12,10.8,49,20.1,18.1,56,1225,984,916,28.7,23.4
20240920,168,중부,충북,청주,130000,18,청주55_2,삼성전자(주),,2순위,31.4,24.5,6912,-65,23.1,9.3,17,38.6,15.5,20,1370,1005,695,84.5,49.6
20240920,168,중부,충북,청주,130000,20,청주55_3,삼성전자(주),,1순위,22.8,17,483840,-75,17.7,16.7,80,29.5,27.8,92,1225,916,746,16.4,11.6
20240921,168,중부,충북,청주,130000,17,청주55_1,삼성전자(주),,2순위,22.8,15.1,20736,-80,17.2,8.1,34,28.7,13.5,39,1116,831,643,34.9,23.6
20240921,168,중부,충북,청주,130000,18,청주55_2,삼성전자(주),,2순위,31.4,24.5,11520,-75,14.4,6.4,15,24,10.7,17,1225,984,812,93.7,68.2
20240921,168,중부,충북,청주,130000,20,청주55_3,삼성전자(주),,1순위,22.8,17,412416,-75,17.2,13.2,68,28.7,22,78,1225,916,746,19.3,13.7
20240922,168,중부,충북,청주,130000,17,청주55_1,삼성전자(주),,2순위,22.8,15.1,11520,-75,14.2,10.6,36,23.7,17.7,41,1225,984,812,39.1,28.3
20240922,168,중부,충북,청주,130000,18,청주55_2,삼성전자(주),,2순위,31.4,24.5,16128,-80,8.3,5.9,18,13.9,9.9,21,1116,908,869,72.1,59.1
20240922,168,중부,충북,청주,130000,20,청주55_3,삼성전자(주),,1순위,22.8,17,435456,-75,13.4,10.9,55,22.3,18.1,63,1225,984,812,25.6,18.4
20240923,168,중부,충북,청주,130000,17,청주55_1,삼성전자(주),,2순위,22.8,15.1,13824,-85,23.6,14.2,64,39.4,23.7,74,1007,627,402,14,7.8
20240923,168,중부,충북,청주,130000,18,청주55_2,삼성전자(주),,2순위,31.4,24.5,4608,-75,13.7,8.2,23,22.8,13.6,26,1225,984,812,61.1,44.6
20240923,168,중부,충북,청주,130000,20,청주55_3,삼성전자(주),,1순위,22.8,17,428544,-75,22.7,19.4,88,37.8,32.3,101,1225,812,586,13.2,8.3
20240924,168,중부,충북,청주,130000,17,청주55_1,삼성전자(주),,2순위,22.8,15.1,20736,-75,15.8,12.4,69,26.3,20.6,79,1225,984,746,20.4,13.5
20240924,168,중부,충북,청주,130000,18,청주55_2,삼성전자(주),,2순위,31.4,24.5,13824,-80,8.7,6.1,20,14.6,10.2,23,1116,908,869,64.9,54
20240924,168,중부,충북,청주,130000,20,청주55_3,삼성전자(주),,1순위,22.8,17,377856,-75,18,17,79,30.1,28.4,91,1225,916,746,16.6,11.7
20240925,168,중부,충북,청주,130000,17,청주55_1,삼성전자(주),,2순위,22.8,15.1,34560,-75,17.7,12.6,71,29.5,21,82,1225,916,746,18.4,13
20240925,168,중부,충북,청주,130000,18,청주55_2,삼성전자(주),,2순위,31.4,24.5,6912,-75,10.5,6.2,21,17.6,10.4,24,1225,1002,916,68.2,54.6
20240925,168,중부,충북,청주,130000,20,청주55_3,삼성전자(주),,1순위,22.8,17,421632,-75,24.5,18,93,40.9,30,107,1225,812,506,12.5,6.7
20240926,168,중부,충북,청주,130000,17,청주55_1,삼성전자(주),,2순위,22.8,15.1,,,15.7,14.4,68,26.2,24,78,,,0,,0
20240926,168,중부,충북,청주,130000,18,청주55_2,삼성전자(주),,2순위,31.4,24.5,,,10.5,6.2,22,17.6,10.4,25,,,0,,0
20240926,168,중부,충북,청주,130000,20,청주55_3,삼성전자(주),,1순위,22.8,17,,,27.4,16.2,80,45.8,27.1,92,,,0,,0
20240927,168,중부,충북,청주,130000,17,청주55_1,삼성전자(주),,2순위,22.8,15.1,,,9.7,7.7,41,16.2,12.9,47,,,0,,0
20240927,168,중부,충북,청주,130000,18,청주55_2,삼성전자(주),,2순위,31.4,24.5,,,7.7,5.4,17,12.8,9,20,,,0,,0
20240927,168,중부,충북,청주,130000,20,청주55_3,삼성전자(주),,1순위,22.8,17,,,18.1,15.4,82,30.2,25.7,94,,,0,,0
20240928,168,중부,충북,청주,130000,17,청주55_1,삼성전자(주),,2순위,22.8,15.1,13824,-80,11.6,8.2,31,19.3,13.6,36,1116,908,831,41.9,33
20240928,168,중부,충북,청주,130000,18,청주55_2,삼성전자(주),,2순위,31.4,24.5,,,11.5,6.7,15,19.2,11.2,17,,,0,,0
20240928,168,중부,충북,청주,130000,20,청주55_3,삼성전자(주),,1순위,22.8,17,426240,-75,17.1,14.4,74,28.6,24.1,85,1225,916,746,17.7,12.5
20240929,168,중부,충북,청주,130000,17,청주55_1,삼성전자(주),,2순위,22.8,15.1,,,12.1,9.7,35,20.2,16.2,40,,,0,,0
20240929,168,중부,충북,청주,130000,18,청주55_2,삼성전자(주),,2순위,31.4,24.5,,,14.1,6.6,15,23.5,11,17,,,0,,0
20240929,168,중부,충북,청주,130000,20,청주55_3,삼성전자(주),,1순위,22.8,17,,,16.2,14.4,70,27,24,81,,,0,,0
20240930,168,중부,충북,청주,130000,17,청주55_1,삼성전자(주),,2순위,22.8,15.1,,,14.3,11.6,63,23.8,19.3,72,,,0,,0
20240930,168,중부,충북,청주,130000,18,청주55_2,삼성전자(주),,2순위,31.4,24.5,,,14.5,9,22,24.2,15,25,,,0,,0
20240930,168,중부,충북,청주,130000,20,청주55_3,삼성전자(주),,1순위,22.8,17,,,18.4,16.9,85,30.7,28.2,98,,,0,,0
20240901,15,수도권,서울,서울,100000,20,서울5_8,삼성전자(주),,2순위,17.1,14.1,57600,-70,7.5,6.7,34,12.6,11.3,39,1327,1099,1034,46.2,37.9
20240902,15,수도권,서울,서울,100000,20,서울5_8,삼성전자(주),,2순위,17.1,14.1,103680,-65,10.3,8.2,51,17.1,13.6,59,1370,1173,1058,32.9,25.6
20240903,15,수도권,서울,서울,100000,20,서울5_8,삼성전자(주),,2순위,17.1,14.1,147456,-70,14.7,12,53,24.5,20,61,1327,1034,884,27.9,20.7
20240904,15,수도권,서울,서울,100000,20,서울5_8,삼성전자(주),,2순위,17.1,14.1,154368,-70,8,6.4,56,13.3,10.6,64,1327,1099,1034,28,23.1
20240905,15,수도권,서울,서울,100000,20,서울5_8,삼성전자(주),,2순위,17.1,14.1,,,8.8,7.4,49,14.7,12.4,56,,,0,,0
20240906,15,수도권,서울,서울,100000,20,서울5_8,삼성전자(주),,2순위,17.1,14.1,,,7.6,6.8,55,12.7,11.4,63,,,0,,0
20240907,15,수도권,서울,서울,100000,20,서울5_8,삼성전자(주),,2순위,17.1,14.1,52992,-70,7.3,5.5,50,12.2,9.2,57,1327,1099,1034,31.4,25.9
20240908,15,수도권,서울,서울,100000,20,서울5_8,삼성전자(주),,2순위,17.1,14.1,,,16.9,9.1,41,28.3,15.2,47,,,0,,0
20240909,15,수도권,서울,서울,100000,20,서울5_8,삼성전자(주),,2순위,17.1,14.1,195840,-70,9.7,7.5,59,16.2,12.5,68,1327,1099,1034,26.6,21.7
20240910,15,수도권,서울,서울,100000,20,서울5_8,삼성전자(주),,2순위,17.1,14.1,,,14.7,8.3,63,24.5,13.8,72,,,0,,0
20240911,15,수도권,서울,서울,100000,20,서울5_8,삼성전자(주),,2순위,17.1,14.1,,,8.7,7.6,63,14.5,12.7,72,,,0,,0
20240912,15,수도권,서울,서울,100000,20,서울5_8,삼성전자(주),,2순위,17.1,14.1,,,8.3,7.6,52,13.9,12.7,60,,,0,,0
20240913,15,수도권,서울,서울,100000,20,서울5_8,삼성전자(주),,2순위,17.1,14.1,101568,-70,20.5,9.7,50,34.3,16.2,57,1327,1007,773,28.8,19.4
20240914,15,수도권,서울,서울,100000,20,서울5_8,삼성전자(주),,2순위,17.1,14.1,39330,-70,6.6,4.5,37,11.1,7.6,43,1327,1180,1099,45.6,36.5
20240915,15,수도권,서울,서울,100000,20,서울5_8,삼성전자(주),,2순위,17.1,14.1,25344,-75,3.6,2.9,24,6,4.8,28,1225,1098,1098,65.4,56
20240916,15,수도권,서울,서울,100000,20,서울5_8,삼성전자(주),,2순위,17.1,14.1,,,4.7,3.7,29,7.9,6.2,33,,,0,,0
20240917,15,수도권,서울,서울,100000,20,서울5_8,삼성전자(주),,2순위,17.1,14.1,25344,-70,4.3,3.3,20,7.1,5.4,23,1327,1180,1099,84.3,68.2
20240918,15,수도권,서울,서울,100000,20,서울5_8,삼성전자(주),,2순위,17.1,14.1,9600,-70,4.7,3.8,27,7.8,6.3,31,1327,1180,1099,62.4,50.6
20240919,15,수도권,서울,서울,100000,20,서울5_8,삼성전자(주),,2순위,17.1,14.1,76032,-70,5.9,5.1,46,9.9,8.6,53,1327,1180,1099,36.7,29.6
20240920,15,수도권,서울,서울,100000,20,서울5_8,삼성전자(주),,2순위,17.1,14.1,82944,-65,10.6,7.4,48,17.7,12.4,55,1370,1173,1058,34.9,27.5
20240921,15,수도권,서울,서울,100000,20,서울5_8,삼성전자(주),,2순위,17.1,14.1,96768,-70,7.8,5.9,36,13.1,9.9,41,1327,1099,1034,43.6,36
20240922,15,수도권,서울,서울,100000,20,서울5_8,삼성전자(주),,2순위,17.1,14.1,105984,-70,8.1,4.9,36,13.5,8.2,41,1327,1099,1034,43.6,36
20240923,15,수도권,서울,서울,100000,20,서울5_8,삼성전자(주),,2순위,17.1,14.1,115200,-70,10.4,8.2,63,17.4,13.7,72,1327,1099,1007,24.9,20
20240924,15,수도권,서울,서울,100000,20,서울5_8,삼성전자(주),,2순위,17.1,14.1,133632,-70,11.1,7.9,47,18.5,13.2,54,1327,1099,1007,33.4,26.6
20240925,15,수도권,서울,서울,100000,20,서울5_8,삼성전자(주),,2순위,17.1,14.1,117504,-70,12,9.9,57,20.1,16.6,66,1327,1034,1007,25.9,21.8
20240926,15,수도권,서울,서울,100000,20,서울5_8,삼성전자(주),,2순위,17.1,14.1,,,10.4,9.1,44,17.4,15.2,51,,,0,,0
20240927,15,수도권,서울,서울,100000,20,서울5_8,삼성전자(주),,2순위,17.1,14.1,,,26.6,14.8,48,44.3,24.6,55,,,0,,0
20240928,15,수도권,서울,서울,100000,20,서울5_8,삼성전자(주),,2순위,17.1,14.1,99072,-70,17.9,14.2,44,29.9,23.7,51,1327,1007,853,32.7,23.9
20240929,15,수도권,서울,서울,100000,20,서울5_8,삼성전자(주),,2순위,17.1,14.1,,,8,7.1,31,13.4,11.9,36,,,0,,0
20240930,15,수도권,서울,서울,100000,20,서울5_8,삼성전자(주),,2순위,17.1,14.1,,,14.4,9.2,49,24.1,15.4,56,,,0,,0
20240901,198,동부,부산,부산,110000,2,부산55_1,에릭슨엘지,,2순위,17.1,11.4,66816,-70,7.1,4.7,24,11.8,7.8,28,1319,1132,1064,67.4,54.3
20240901,198,동부,부산,부산,110001,6,부산55_2,에릭슨엘지,,2순위,22.8,13.4,29952,-80,3.6,3.1,18,5.9,5.1,21,1143,979,979,77.7,66.6
20240902,198,동부,부산,부산,110000,2,부산55_1,에릭슨엘지,,2순위,17.1,11.4,4608,-75,7.5,3.2,19,12.5,5.3,22,1244,963,896,72.4,58.2
20240902,198,동부,부산,부산,110001,6,부산55_2,에릭슨엘지,,2순위,22.8,13.4,20736,-75,8.2,4.6,19,13.6,7.6,22,1244,963,896,72.4,58.2
20240903,198,동부,부산,부산,110000,2,부산55_1,에릭슨엘지,,2순위,17.1,11.4,4608,-75,6.2,4.6,17,10.4,7.7,20,1244,1078,963,90.6,68.8
20240903,198,동부,부산,부산,110001,6,부산55_2,에릭슨엘지,,2순위,22.8,13.4,20736,-75,4.8,3.9,17,8,6.5,20,1244,1078,963,90.6,68.8
20240904,198,동부,부산,부산,110000,2,부산55_1,에릭슨엘지,,2순위,17.1,11.4,23040,-65,5.5,3.8,20,9.2,6.4,23,1353,1196,1121,85.4,69.6
20240904,198,동부,부산,부산,110001,6,부산55_2,에릭슨엘지,,2순위,22.8,13.4,11520,-75,4.6,3.5,20,7.6,5.8,23,1244,1078,963,77,59.8
20240905,198,동부,부산,부산,110000,2,부산55_1,에릭슨엘지,,2순위,17.1,11.4,,,4.9,3.8,19,8.1,6.3,22,,,0,,0
20240905,198,동부,부산,부산,110001,6,부산55_2,에릭슨엘지,,2순위,22.8,13.4,,,4.7,4,19,7.8,6.6,22,,,0,,0
20240906,198,동부,부산,부산,110000,2,부산55_1,에릭슨엘지,,2순위,17.1,11.4,,,9.1,7.9,21,15.2,13.2,24,,,0,,0
20240906,198,동부,부산,부산,110001,6,부산55_2,에릭슨엘지,,2순위,22.8,13.4,,,15.6,6.5,18,26,10.8,21,,,0,,0
20240907,198,동부,부산,부산,110000,2,부산55_1,에릭슨엘지,,2순위,17.1,11.4,32256,-70,10.3,5.9,32,17.3,9.9,37,1319,1064,841,47.5,32.5
20240907,198,동부,부산,부산,110001,6,부산55_2,에릭슨엘지,,2순위,22.8,13.4,13824,-75,8.2,4.7,21,13.7,7.9,24,1244,963,896,65.5,53.3
20240908,198,동부,부산,부산,110000,2,부산55_1,에릭슨엘지,,2순위,17.1,11.4,,,11.2,4.8,22,18.6,8,25,,,0,,0
20240908,198,동부,부산,부산,110001,6,부산55_2,에릭슨엘지,,2순위,22.8,13.4,,,7.5,4.7,19,12.5,7.8,22,,,0,,0
20240909,198,동부,부산,부산,110000,2,부산55_1,에릭슨엘지,,2순위,17.1,11.4,11520,-70,8.2,5,17,13.7,8.4,20,1319,1064,966,89.4,69
20240909,198,동부,부산,부산,110001,6,부산55_2,에릭슨엘지,,2순위,22.8,13.4,9216,-80,10.4,5.2,19,17.4,8.7,22,1143,875,686,65.8,44.6
20240910,198,동부,부산,부산,110000,2,부산55_1,에릭슨엘지,,2순위,17.1,11.4,,,14.2,7.4,19,23.8,12.4,22,,,0,,0
20240910,198,동부,부산,부산,110001,6,부산55_2,에릭슨엘지,,2순위,22.8,13.4,,,8.2,4.8,19,13.8,8.1,22,,,0,,0
20240911,198,동부,부산,부산,110000,2,부산55_1,에릭슨엘지,,2순위,17.1,11.4,,,6.9,3.9,17,11.4,6.4,20,,,0,,0
20240911,198,동부,부산,부산,110001,6,부산55_2,에릭슨엘지,,2순위,22.8,13.4,,,8.5,5.1,19,14.1,8.5,22,,,0,,0
20240912,198,동부,부산,부산,110000,2,부산55_1,에릭슨엘지,,2순위,17.1,11.4,,,12.4,6.4,18,20.6,10.6,21,,,0,,0
20240912,198,동부,부산,부산,110001,6,부산55_2,에릭슨엘지,,2순위,22.8,13.4,,,7.7,5.2,19,12.8,8.6,22,,,0,,0
20240913,198,동부,부산,부산,110000,2,부산55_1,에릭슨엘지,,2순위,17.1,11.4,48576,-70,6.1,4.8,18,10.1,7.9,21,1319,1132,1064,89.8,72.4
20240913,198,동부,부산,부산,110001,6,부산55_2,에릭슨엘지,,2순위,22.8,13.4,26496,-75,5.2,3.9,20,8.7,6.5,23,1244,1078,963,77,59.8
20240914,198,동부,부산,부산,110000,2,부산55_1,에릭슨엘지,,2순위,17.1,11.4,72864,-70,13.7,9,37,22.9,15,43,1319,966,827,37.3,27.5
20240914,198,동부,부산,부산,110001,6,부산55_2,에릭슨엘지,,2순위,22.8,13.4,30912,-75,24,8.1,21,40.1,13.5,24,1244,720,460,49,27.4
20240915,198,동부,부산,부산,110000,2,부산55_1,에릭슨엘지,,2순위,17.1,11.4,62208,-70,11.7,9.7,27,19.6,16.2,31,1319,1064,841,56.3,38.7
20240915,198,동부,부산,부산,110001,6,부산55_2,에릭슨엘지,,2순위,22.8,13.4,54720,-75,5.6,4.9,21,9.4,8.2,24,1244,1078,963,73.3,57.3
20240916,198,동부,부산,부산,110000,2,부산55_1,에릭슨엘지,,2순위,17.1,11.4,,,7.4,5.6,23,12.4,9.4,26,,,0,,0
20240916,198,동부,부산,부산,110001,6,부산55_2,에릭슨엘지,,2순위,22.8,13.4,,,10.9,6.9,23,18.3,11.6,26,,,0,,0
20240917,198,동부,부산,부산,110000,2,부산55_1,에릭슨엘지,,2순위,17.1,11.4,13824,-80,8.8,6.3,27,14.7,10.5,31,1143,875,806,46.3,37.2
20240917,198,동부,부산,부산,110001,6,부산55_2,에릭슨엘지,,2순위,22.8,13.4,25344,-80,8.6,6.7,28,14.4,11.2,32,1143,875,806,44.6,36
20240918,198,동부,부산,부산,110000,2,부산55_1,에릭슨엘지,,2순위,17.1,11.4,,,7.1,4.4,21,11.8,7.3,24,,,0,,0
20240918,198,동부,부산,부산,110001,6,부산55_2,에릭슨엘지,,2순위,22.8,13.4,3840,-70,11.7,7.4,19,19.5,12.3,22,1319,1064,841,80,54.6
20240919,198,동부,부산,부산,110000,2,부산55_1,에릭슨엘지,,2순위,17.1,11.4,24192,-70,8.9,7.1,21,14.8,11.8,24,1319,1064,966,72.4,57.5
20240919,198,동부,부산,부산,110001,6,부산55_2,에릭슨엘지,,2순위,22.8,13.4,17280,-70,9.3,5.8,16,15.6,9.7,18,1319,1064,966,95,76.7
20240920,198,동부,부산,부산,110000,2,부산55_1,에릭슨엘지,,2순위,17.1,11.4,32256,-70,9.1,6.1,19,15.2,10.2,22,1319,1064,966,80,62.8
20240920,198,동부,부산,부산,110001,6,부산55_2,에릭슨엘지,,2순위,22.8,13.4,11520,-75,17.7,6.9,20,29.5,11.5,23,1244,786,620,56.1,38.5
20240921,198,동부,부산,부산,110000,2,부산55_1,에릭슨엘지,,2순위,17.1,11.4,34560,-70,10.6,6.3,21,17.7,10.5,24,1319,1064,841,72.4,50
20240921,198,동부,부산,부산,110001,6,부산55_2,에릭슨엘지,,2순위,22.8,13.4,29952,-75,9.2,6,18,15.3,10,21,1244,963,896,76.4,61
20240922,198,동부,부산,부산,110000,2,부산55_1,에릭슨엘지,,2순위,17.1,11.4,32256,-75,10.5,6,22,17.6,10.1,25,1244,963,786,62.5,44.9
20240922,198,동부,부산,부산,110001,6,부산55_2,에릭슨엘지,,2순위,22.8,13.4,23040,-80,18.1,7.7,17,30.2,12.8,20,1143,686,537,57.7,38.4
20240923,198,동부,부산,부산,110000,2,부산55_1,에릭슨엘지,,2순위,17.1,11.4,11520,-70,7.7,4.8,21,12.8,8,24,1319,1064,966,72.4,57.5
20240923,198,동부,부산,부산,110001,6,부산55_2,에릭슨엘지,,2순위,22.8,13.4,25344,-80,8.4,6.2,19,14.1,10.4,22,1143,875,806,65.8,52.4
20240924,198,동부,부산,부산,110000,2,부산55_1,에릭슨엘지,,2순위,17.1,11.4,18432,-75,8.2,5.6,18,13.7,9.4,21,1244,963,896,76.4,61
20240924,198,동부,부산,부산,110001,6,부산55_2,에릭슨엘지,,2순위,22.8,13.4,29952,-70,8.5,6,17,14.3,10.1,20,1319,1064,966,89.4,69
20240925,198,동부,부산,부산,110000,2,부산55_1,에릭슨엘지,,2순위,17.1,11.4,25344,-70,9.4,5.7,18,15.7,9.5,21,1319,1064,966,84.5,65.7
20240925,198,동부,부산,부산,110001,6,부산55_2,에릭슨엘지,,2순위,22.8,13.4,34560,-75,6.1,4.1,16,10.2,6.9,18,1244,1078,963,96.2,76.4
20240926,198,동부,부산,부산,110000,2,부산55_1,에릭슨엘지,,2순위,17.1,11.4,,,9.1,5.4,15,15.2,9,17,,,0,,0
20240926,198,동부,부산,부산,110001,6,부산55_2,에릭슨엘지,,2순위,22.8,13.4,,,5.9,4.5,18,9.9,7.6,21,,,0,,0
20240927,198,동부,부산,부산,110000,2,부산55_1,에릭슨엘지,,2순위,17.1,11.4,,,5.7,4.6,22,9.5,7.7,25,,,0,,0
20240927,198,동부,부산,부산,110001,6,부산55_2,에릭슨엘지,,2순위,22.8,13.4,,,6.6,4.6,20,11,7.7,23,,,0,,0
20240928,198,동부,부산,부산,110000,2,부산55_1,에릭슨엘지,,2순위,17.1,11.4,41472,-70,10.2,6.2,31,17.1,10.4,36,1319,1064,841,49.1,33.4
20240928,198,동부,부산,부산,110001,6,부산55_2,에릭슨엘지,,2순위,22.8,13.4,9216,-80,12,5.9,22,20,9.8,25,1143,806,686,52.4,39.2
20240929,198,동부,부산,부산,110000,2,부산55_1,에릭슨엘지,,2순위,17.1,11.4,,,8.4,4.6,23,14,7.7,26,,,0,,0
20240929,198,동부,부산,부산,110001,6,부산55_2,에릭슨엘지,,2순위,22.8,13.4,,,6.9,4.8,19,11.5,8,22,,,0,,0
20240930,198,동부,부산,부산,110000,2,부산55_1,에릭슨엘지,,2순위,17.1,11.4,,,5.1,3.9,24,8.6,6.6,28,,,0,,0
20240930,198,동부,부산,부산,110001,6,부산55_2,에릭슨엘지,,2순위,22.8,13.4,,,7.5,4.7,19,12.5,7.8,22,,,0,,0
20240901,248,서부,광주,광주,120000,16,광주5_16,nokia,,1순위,17.1,11.3,,,14.6,12.6,50,24.3,21,57,,,0,,0
20240901,248,서부,광주,광주,120001,520,광주5_15,nokia,,2순위,25.7,13.4,,,3.7,2.6,22,6.1,4.3,25,,,0,,0
20240901,248,서부,광주,광주,120001,528,광주5_27,nokia,,2순위,20,14.1,,,10.4,8.7,45,17.4,14.6,52,,,0,,0
20240901,248,서부,광주,광주,120002,520,광주5_25,nokia,,2순위,22.8,8.6,,,7.4,5.6,49,12.3,9.3,56,,,0,,0
20240901,248,서부,광주,광주,120003,64,광주5_29,nokia,,1순위,20,10.2,,,6.3,4.8,32,10.5,8,37,,,0,,0
20240902,248,서부,광주,광주,120000,16,광주5_16,nokia,,1순위,17.1,11.3,,,16.2,8.9,66,27,14.8,76,,,0,,0
20240902,248,서부,광주,광주,120001,520,광주5_15,nokia,,2순위,25.7,13.4,,,9.4,6.9,41,15.7,11.5,47,,,0,,0
20240902,248,서부,광주,광주,120001,528,광주5_27,nokia,,2순위,20,14.1,,,11.4,9.9,82,19.1,16.6,94,,,0,,0
20240902,248,서부,광주,광주,120002,520,광주5_25,nokia,,2순위,22.8,8.6,,,2.8,2.2,32,4.7,3.7,37,,,0,,0
20240902,248,서부,광주,광주,120003,64,광주5_29,nokia,,1순위,20,10.2,,,6.4,5.3,56,10.7,8.9,64,,,0,,0
20240903,248,서부,광주,광주,120000,16,광주5_16,nokia,,1순위,17.1,11.3,,,16.3,11.9,64,27.3,19.9,74,,,0,,0
20240903,248,서부,광주,광주,120001,520,광주5_15,nokia,,2순위,25.7,13.4,,,9.6,4.1,25,16,6.8,29,,,0,,0
20240903,248,서부,광주,광주,120001,528,광주5_27,nokia,,2순위,20,14.1,,,18.1,14.3,81,30.2,23.9,93,,,0,,0
20240903,248,서부,광주,광주,120002,520,광주5_25,nokia,,2순위,22.8,8.6,,,4.5,2.9,47,7.5,4.8,54,,,0,,0
20240903,248,서부,광주,광주,120003,64,광주5_29,nokia,,1순위,20,10.2,,,7.6,5.2,57,12.6,8.6,66,,,0,,0
20240904,248,서부,광주,광주,120000,16,광주5_16,nokia,,1순위,17.1,11.3,,,13.2,9.6,69,22,16,79,,,0,,0
20240904,248,서부,광주,광주,120001,520,광주5_15,nokia,,2순위,25.7,13.4,,,6.9,3.8,22,11.5,6.3,25,,,0,,0
20240904,248,서부,광주,광주,120001,528,광주5_27,nokia,,2순위,20,14.1,,,19.4,12.5,79,32.4,20.9,91,,,0,,0
20240904,248,서부,광주,광주,120002,520,광주5_25,nokia,,2순위,22.8,8.6,,,6.8,3.5,36,11.4,5.9,41,,,0,,0
20240904,248,서부,광주,광주,120003,64,광주5_29,nokia,,1순위,20,10.2,,,6.3,5.2,60,10.5,8.7,69,,,0,,0
20240905,248,서부,광주,광주,120000,16,광주5_16,nokia,,1순위,17.1,11.3,,,29,10.5,65,48.4,17.5,75,,,0,,0
20240905,248,서부,광주,광주,120001,520,광주5_15,nokia,,2순위,25.7,13.4,,,4.5,1.9,22,7.6,3.2,25,,,0,,0
20240905,248,서부,광주,광주,120001,528,광주5_27,nokia,,2순위,20,14.1,,,25.6,11.3,77,42.8,18.9,89,,,0,,0
20240905,248,서부,광주,광주,120002,520,광주5_25,nokia,,2순위,22.8,8.6,,,4,3.2,42,6.7,5.4,48,,,0,,0
20240905,248,서부,광주,광주,120003,64,광주5_29,nokia,,1순위,20,10.2,,,5.8,4.9,59,9.7,8.2,68,,,0,,0
20240906,248,서부,광주,광주,120000,16,광주5_16,nokia,,1순위,17.1,11.3,,,14.3,11.7,68,23.8,19.5,78,,,0,,0
20240906,248,서부,광주,광주,120001,520,광주5_15,nokia,,2순위,25.7,13.4,,,3.5,1.7,20,5.8,2.8,23,,,0,,0
20240906,248,서부,광주,광주,120001,528,광주5_27,nokia,,2순위,20,14.1,,,11.9,11,77,19.9,18.4,89,,,0,,0
20240906,248,서부,광주,광주,120002,520,광주5_25,nokia,,2순위,22.8,8.6,,,4.3,3.4,39,7.2,5.7,45,,,0,,0
20240906,248,서부,광주,광주,120003,64,광주5_29,nokia,,1순위,20,10.2,,,9.3,6.3,63,15.5,10.5,72,,,0,,0
20240907,248,서부,광주,광주,120000,16,광주5_16,nokia,,1순위,17.1,11.3,,,16,13.5,68,26.8,22.6,78,,,0,,0
20240907,248,서부,광주,광주,120001,520,광주5_15,nokia,,2순위,25.7,13.4,,,3.7,2.1,23,6.1,3.5,26,,,0,,0
20240907,248,서부,광주,광주,120001,528,광주5_27,nokia,,2순위,20,14.1,,,9.9,8.1,72,16.5,13.5,83,,,0,,0
20240907,248,서부,광주,광주,120002,520,광주5_25,nokia,,2순위,22.8,8.6,,,5.6,4.2,48,9.3,7,55,,,0,,0
20240907,248,서부,광주,광주,120003,64,광주5_29,nokia,,1순위,20,10.2,,,8,4.9,45,13.3,8.1,52,,,0,,0
20240908,248,서부,광주,광주,120000,16,광주5_16,nokia,,1순위,17.1,11.3,,,13.6,12,63,22.7,20,72,,,0,,0
20240908,248,서부,광주,광주,120001,520,광주5_15,nokia,,2순위,25.7,13.4,,,2.9,1.8,19,4.8,3,22,,,0,,0
20240908,248,서부,광주,광주,120001,528,광주5_27,nokia,,2순위,20,14.1,,,11.2,9.3,50,18.7,15.5,57,,,0,,0
20240908,248,서부,광주,광주,120002,520,광주5_25,nokia,,2순위,22.8,8.6,,,6.2,4.4,45,10.4,7.4,52,,,0,,0
20240908,248,서부,광주,광주,120003,64,광주5_29,nokia,,1순위,20,10.2,,,4.8,3.6,44,8,6,51,,,0,,0
20240909,248,서부,광주,광주,120000,16,광주5_16,nokia,,1순위,17.1,11.3,,,9.4,8,59,15.8,13.4,68,,,0,,0
20240909,248,서부,광주,광주,120001,520,광주5_15,nokia,,2순위,25.7,13.4,,,4.7,3.5,24,7.9,5.9,28,,,0,,0
20240909,248,서부,광주,광주,120001,528,광주5_27,nokia,,2순위,20,14.1,,,11.5,10.3,79,19.2,17.2,91,,,0,,0
20240909,248,서부,광주,광주,120002,520,광주5_25,nokia,,2순위,22.8,8.6,,,4,3.1,41,6.6,5.1,47,,,0,,0
20240909,248,서부,광주,광주,120003,64,광주5_29,nokia,,1순위,20,10.2,,,15.5,8.6,84,26,14.4,97,,,0,,0
20240910,248,서부,광주,광주,120000,16,광주5_16,nokia,,1순위,17.1,11.3,,,16.2,10.1,61,27.1,16.9,70,,,0,,0
20240910,248,서부,광주,광주,120001,520,광주5_15,nokia,,2순위,25.7,13.4,,,6.6,4,26,11,6.7,30,,,0,,0
20240910,248,서부,광주,광주,120001,528,광주5_27,nokia,,2순위,20,14.1,,,15.9,10.3,83,26.6,17.2,95,,,0,,0
20240910,248,서부,광주,광주,120002,520,광주5_25,nokia,,2순위,22.8,8.6,,,6.4,4,37,10.6,6.6,43,,,0,,0
20240910,248,서부,광주,광주,120003,64,광주5_29,nokia,,1순위,20,10.2,,,9.4,7.5,70,15.6,12.4,81,,,0,,0
20240911,248,서부,광주,광주,120000,16,광주5_16,nokia,,1순위,17.1,11.3,182016,-70,18.9,9.5,64,31.5,15.8,74,1319,841,647,18.8,12.5
20240911,248,서부,광주,광주,120001,520,광주5_15,nokia,,2순위,25.7,13.4,46080,-75,5.8,3.4,24,9.7,5.7,28,1244,1078,963,64.2,49.1
20240911,248,서부,광주,광주,120001,528,광주5_27,nokia,,2순위,20,14.1,48384,-75,16.1,10.3,79,26.8,17.1,91,1244,896,620,16.2,9.7
20240911,248,서부,광주,광주,120002,520,광주5_25,nokia,,2순위,22.8,8.6,69120,-85,10.2,5.6,43,17,9.3,49,1049,784,623,26.1,18.2
20240911,248,서부,광주,광주,120003,64,광주5_29,nokia,,1순위,20,10.2,32256,-75,8.7,6.9,67,14.5,11.5,77,1244,963,896,20.5,16.6
20240912,248,서부,광주,광주,120000,16,광주5_16,nokia,,1순위,17.1,11.3,,,12.4,10.6,63,20.7,17.7,72,,,0,,0
20240912,248,서부,광주,광주,120001,520,광주5_15,nokia,,2순위,25.7,13.4,,,6.9,3.9,27,11.4,6.4,31,,,0,,0
20240912,248,서부,광주,광주,120001,528,광주5_27,nokia,,2순위,20,14.1,,,19.2,12.7,78,32,21.2,90,,,0,,0
20240912,248,서부,광주,광주,120002,520,광주5_25,nokia,,2순위,22.8,8.6,,,5.1,4.1,39,8.5,6.8,45,,,0,,0
20240912,248,서부,광주,광주,120003,64,광주5_29,nokia,,1순위,20,10.2,,,9.3,7.8,67,15.5,13,77,,,0,,0
20240913,248,서부,광주,광주,120000,16,광주5_16,nokia,,1순위,17.1,11.3,,,11.6,10.4,61,19.4,17.4,70,,,0,,0
20240913,248,서부,광주,광주,120001,520,광주5_15,nokia,,2순위,25.7,13.4,,,7.3,3.8,24,12.2,6.4,28,,,0,,0
20240913,248,서부,광주,광주,120001,528,광주5_27,nokia,,2순위,20,14.1,,,12.3,10.1,89,20.6,16.9,102,,,0,,0
20240913,248,서부,광주,광주,120002,520,광주5_25,nokia,,2순위,22.8,8.6,,,5.1,4.2,51,8.5,7,59,,,0,,0
20240913,248,서부,광주,광주,120003,64,광주5_29,nokia,,1순위,20,10.2,,,18.1,8.1,63,30.2,13.5,72,,,0,,0
20240914,248,서부,광주,광주,120000,16,광주5_16,nokia,,1순위,17.1,11.3,,,11.7,8.9,58,19.5,14.8,67,,,0,,0
20240914,248,서부,광주,광주,120001,520,광주5_15,nokia,,2순위,25.7,13.4,,,9.6,9.2,28,16.1,15.4,32,,,0,,0
20240914,248,서부,광주,광주,120001,528,광주5_27,nokia,,2순위,20,14.1,,,10.8,8.9,62,18.1,14.9,71,,,0,,0
20240914,248,서부,광주,광주,120002,520,광주5_25,nokia,,2순위,22.8,8.6,,,9,6.5,55,15,10.8,63,,,0,,0
20240914,248,서부,광주,광주,120003,64,광주5_29,nokia,,1순위,20,10.2,,,13.8,5.6,54,23,9.3,62,,,0,,0
20240915,248,서부,광주,광주,120000,16,광주5_16,nokia,,1순위,17.1,11.3,,,14.4,10.4,50,24.1,17.4,57,,,0,,0
20240915,248,서부,광주,광주,120001,520,광주5_15,nokia,,2순위,25.7,13.4,,,6.4,3.4,22,10.7,5.7,25,,,0,,0
20240915,248,서부,광주,광주,120001,528,광주5_27,nokia,,2순위,20,14.1,,,9.8,6.8,45,16.4,11.4,52,,,0,,0
20240915,248,서부,광주,광주,120002,520,광주5_25,nokia,,2순위,22.8,8.6,,,6.3,5.6,57,10.5,9.3,66,,,0,,0
20240915,248,서부,광주,광주,120003,64,광주5_29,nokia,,1순위,20,10.2,,,7.3,5.5,42,12.2,9.2,48,,,0,,0
20240916,248,서부,광주,광주,120000,16,광주5_16,nokia,,1순위,17.1,11.3,,,8,7.3,42,13.3,12.1,48,,,0,,0
20240916,248,서부,광주,광주,120001,520,광주5_15,nokia,,2순위,25.7,13.4,,,3.5,1.9,13,5.9,3.2,15,,,0,,0
20240916,248,서부,광주,광주,120001,528,광주5_27,nokia,,2순위,20,14.1,,,6.9,5.8,39,11.5,9.7,45,,,0,,0
20240916,248,서부,광주,광주,120002,520,광주5_25,nokia,,2순위,22.8,8.6,,,2.2,1.7,22,3.7,2.9,25,,,0,,0
20240916,248,서부,광주,광주,120003,64,광주5_29,nokia,,1순위,20,10.2,,,5.8,4.5,33,9.7,7.5,38,,,0,,0
20240917,248,서부,광주,광주,120000,16,광주5_16,nokia,,1순위,17.1,11.3,,,10.9,8.9,44,18.3,14.9,51,,,0,,0
20240917,248,서부,광주,광주,120001,520,광주5_15,nokia,,2순위,25.7,13.4,,,4.4,3,19,7.3,5,22,,,0,,0
20240917,248,서부,광주,광주,120001,528,광주5_27,nokia,,2순위,20,14.1,,,5.9,5.2,40,9.9,8.7,46,,,0,,0
20240917,248,서부,광주,광주,120002,520,광주5_25,nokia,,2순위,22.8,8.6,,,3.9,3.1,25,6.5,5.2,29,,,0,,0
20240917,248,서부,광주,광주,120003,64,광주5_29,nokia,,1순위,20,10.2,,,5,4,36,8.3,6.6,41,,,0,,0
20240918,248,서부,광주,광주,120000,16,광주5_16,nokia,,1순위,17.1,11.3,,,10.4,6.9,45,17.3,11.5,52,,,0,,0
20240918,248,서부,광주,광주,120001,520,광주5_15,nokia,,2순위,25.7,13.4,,,3.9,2.2,18,6.5,3.7,21,,,0,,0
20240918,248,서부,광주,광주,120001,528,광주5_27,nokia,,2순위,20,14.1,,,8.6,6.3,48,14.4,10.5,55,,,0,,0
20240918,248,서부,광주,광주,120002,520,광주5_25,nokia,,2순위,22.8,8.6,,,6.4,5.7,42,10.7,9.5,48,,,0,,0
20240918,248,서부,광주,광주,120003,64,광주5_29,nokia,,1순위,20,10.2,,,6.2,4.7,42,10.4,7.9,48,,,0,,0
20240919,248,서부,광주,광주,120000,16,광주5_16,nokia,,1순위,17.1,11.3,,,9.5,7,53,15.8,11.6,61,,,0,,0
20240919,248,서부,광주,광주,120001,520,광주5_15,nokia,,2순위,25.7,13.4,,,8.7,3.7,24,14.6,6.2,28,,,0,,0
20240919,248,서부,광주,광주,120001,528,광주5_27,nokia,,2순위,20,14.1,,,17.1,13.9,70,28.6,23.2,81,,,0,,0
20240919,248,서부,광주,광주,120002,520,광주5_25,nokia,,2순위,22.8,8.6,,,5.2,3.7,34,8.7,6.2,39,,,0,,0
20240919,248,서부,광주,광주,120003,64,광주5_29,nokia,,1순위,20,10.2,,,10.1,9.2,63,16.9,15.4,72,,,0,,0
20240920,248,서부,광주,광주,120000,16,광주5_16,nokia,,1순위,17.1,11.3,,,14.5,12.9,67,24.2,21.5,77,,,0,,0
20240920,248,서부,광주,광주,120001,520,광주5_15,nokia,,2순위,25.7,13.4,,,3.1,2.1,25,5.2,3.5,29,,,0,,0
20240920,248,서부,광주,광주,120001,528,광주5_27,nokia,,2순위,20,14.1,,,13.3,10,78,22.3,16.8,90,,,0,,0
20240920,248,서부,광주,광주,120002,520,광주5_25,nokia,,2순위,22.8,8.6,,,4.6,3.9,46,7.6,6.4,53,,,0,,0
20240920,248,서부,광주,광주,120003,64,광주5_29,nokia,,1순위,20,10.2,,,7.7,6.5,63,12.8,10.8,72,,,0,,0
20240921,248,서부,광주,광주,120000,16,광주5_16,nokia,,1순위,17.1,11.3,,,13.7,9.7,59,22.8,16.1,68,,,0,,0
20240921,248,서부,광주,광주,120001,520,광주5_15,nokia,,2순위,25.7,13.4,,,3.3,2.8,28,5.4,4.6,32,,,0,,0
20240921,248,서부,광주,광주,120001,528,광주5_27,nokia,,2순위,20,14.1,,,10.3,8.9,65,17.3,14.9,75,,,0,,0
20240921,248,서부,광주,광주,120002,520,광주5_25,nokia,,2순위,22.8,8.6,,,7.6,6.5,54,12.7,10.9,62,,,0,,0
20240921,248,서부,광주,광주,120003,64,광주5_29,nokia,,1순위,20,10.2,,,17.2,5,53,28.8,8.4,61,,,0,,0
20240922,248,서부,광주,광주,120000,16,광주5_16,nokia,,1순위,17.1,11.3,,,11.3,7.9,54,18.9,13.2,62,,,0,,0
20240922,248,서부,광주,광주,120001,520,광주5_15,nokia,,2순위,25.7,13.4,,,4.8,2.9,22,8,4.8,25,,,0,,0
20240922,248,서부,광주,광주,120001,528,광주5_27,nokia,,2순위,20,14.1,,,11.4,7.7,51,19,12.8,59,,,0,,0
20240922,248,서부,광주,광주,120002,520,광주5_25,nokia,,2순위,22.8,8.6,,,12,5.1,45,20,8.5,52,,,0,,0
20240922,248,서부,광주,광주,120003,64,광주5_29,nokia,,1순위,20,10.2,,,8.5,5.8,46,14.2,9.7,53,,,0,,0
20240923,248,서부,광주,광주,120000,16,광주5_16,nokia,,1순위,17.1,11.3,,,10.2,7.9,59,17.1,13.2,68,,,0,,0
20240923,248,서부,광주,광주,120001,520,광주5_15,nokia,,2순위,25.7,13.4,,,3.7,2.7,24,6.1,4.5,28,,,0,,0
20240923,248,서부,광주,광주,120001,528,광주5_27,nokia,,2순위,20,14.1,,,12.3,11.3,78,20.6,18.9,90,,,0,,0
20240923,248,서부,광주,광주,120002,520,광주5_25,nokia,,2순위,22.8,8.6,,,4.9,3.9,34,8.1,6.4,39,,,0,,0
20240923,248,서부,광주,광주,120003,64,광주5_29,nokia,,1순위,20,10.2,,,8.8,7.4,69,14.7,12.4,79,,,0,,0
20240924,248,서부,광주,광주,120000,16,광주5_16,nokia,,1순위,17.1,11.3,,,13.9,11,60,23.2,18.4,69,,,0,,0
20240924,248,서부,광주,광주,120001,520,광주5_15,nokia,,2순위,25.7,13.4,,,5.4,2.7,21,9,4.5,24,,,0,,0
20240924,248,서부,광주,광주,120001,528,광주5_27,nokia,,2순위,20,14.1,,,13.3,10.8,74,22.1,17.9,85,,,0,,0
20240924,248,서부,광주,광주,120002,520,광주5_25,nokia,,2순위,22.8,8.6,,,5.2,4.1,44,8.7,6.9,51,,,0,,0
20240924,248,서부,광주,광주,120003,64,광주5_29,nokia,,1순위,20,10.2,,,14.8,7.1,67,24.8,11.9,77,,,0,,0
20240925,248,서부,광주,광주,120000,16,광주5_16,nokia,,1순위,17.1,11.3,,,12.9,10.9,58,21.6,18.3,67,,,0,,0
20240925,248,서부,광주,광주,120001,520,광주5_15,nokia,,2순위,25.7,13.4,,,4.8,3,22,8,5,25,,,0,,0
20240925,248,서부,광주,광주,120001,528,광주5_27,nokia,,2순위,20,14.1,,,13,9,64,21.7,15,74,,,0,,0
20240925,248,서부,광주,광주,120002,520,광주5_25,nokia,,2순위,22.8,8.6,,,4.5,3.9,39,7.6,6.6,45,,,0,,0
20240925,248,서부,광주,광주,120003,64,광주5_29,nokia,,1순위,20,10.2,,,16.5,8.5,71,27.5,14.2,82,,,0,,0
20240926,248,서부,광주,광주,120000,16,광주5_16,nokia,,1순위,17.1,11.3,,,10.7,8.4,62,17.9,14.1,71,,,0,,0
20240926,248,서부,광주,광주,120001,520,광주5_15,nokia,,2순위,25.7,13.4,,,5.6,3.1,24,9.4,5.2,28,,,0,,0
20240926,248,서부,광주,광주,120001,528,광주5_27,nokia,,2순위,20,14.1,,,11,7.4,53,18.3,12.3,61,,,0,,0
20240926,248,서부,광주,광주,120002,520,광주5_25,nokia,,2순위,22.8,8.6,,,5.4,4.5,45,9,7.5,52,,,0,,0
20240926,248,서부,광주,광주,120003,64,광주5_29,nokia,,1순위,20,10.2,,,9.9,7.7,70,16.5,12.8,81,,,0,,0
20240927,248,서부,광주,광주,120000,16,광주5_16,nokia,,1순위,17.1,11.3,,,13.7,9.9,58,22.9,16.5,67,,,0,,0
20240927,248,서부,광주,광주,120001,520,광주5_15,nokia,,2순위,25.7,13.4,,,3.7,2.5,26,6.2,4.2,30,,,0,,0
20240927,248,서부,광주,광주,120001,528,광주5_27,nokia,,2순위,20,14.1,,,9.6,8.5,64,16,14.2,74,,,0,,0
20240927,248,서부,광주,광주,120002,520,광주5_25,nokia,,2순위,22.8,8.6,,,4.6,4.2,48,7.6,6.9,55,,,0,,0
20240927,248,서부,광주,광주,120003,64,광주5_29,nokia,,1순위,20,10.2,,,24.1,15,72,40.3,25.1,83,,,0,,0
20240928,248,서부,광주,광주,120000,16,광주5_16,nokia,,1순위,17.1,11.3,,,13.5,11.2,65,22.5,18.7,75,,,0,,0
20240928,248,서부,광주,광주,120001,520,광주5_15,nokia,,2순위,25.7,13.4,,,6,3.7,31,9.9,6.1,36,,,0,,0
20240928,248,서부,광주,광주,120001,528,광주5_27,nokia,,2순위,20,14.1,,,10.5,7.5,55,17.6,12.6,63,,,0,,0
20240928,248,서부,광주,광주,120002,520,광주5_25,nokia,,2순위,22.8,8.6,,,5.6,4.5,43,9.4,7.6,49,,,0,,0
20240928,248,서부,광주,광주,120003,64,광주5_29,nokia,,1순위,20,10.2,,,8.6,6.9,51,14.4,11.6,59,,,0,,0
20240929,248,서부,광주,광주,120000,16,광주5_16,nokia,,1순위,17.1,11.3,,,14.5,10.4,55,24.2,17.4,63,,,0,,0
20240929,248,서부,광주,광주,120001,520,광주5_15,nokia,,2순위,25.7,13.4,,,4,2.7,24,6.7,4.5,28,,,0,,0
20240929,248,서부,광주,광주,120001,528,광주5_27,nokia,,2순위,20,14.1,,,7.5,6.4,47,12.5,10.7,54,,,0,,0
20240929,248,서부,광주,광주,120002,520,광주5_25,nokia,,2순위,22.8,8.6,,,6.8,5.5,55,11.4,9.2,63,,,0,,0
20240929,248,서부,광주,광주,120003,64,광주5_29,nokia,,1순위,20,10.2,,,7,5.8,43,11.7,9.7,49,,,0,,0
20240930,248,서부,광주,광주,120000,16,광주5_16,nokia,,1순위,17.1,11.3,,,12.5,10.7,61,20.9,17.9,70,,,0,,0
20240930,248,서부,광주,광주,120001,520,광주5_15,nokia,,2순위,25.7,13.4,,,5.6,3.1,24,9.3,5.1,28,,,0,,0
20240930,248,서부,광주,광주,120001,528,광주5_27,nokia,,2순위,20,14.1,,,9.8,7.6,59,16.4,12.7,68,,,0,,0
20240930,248,서부,광주,광주,120002,520,광주5_25,nokia,,2순위,22.8,8.6,,,5.9,3.6,39,9.9,6,45,,,0,,0
20240930,248,서부,광주,광주,120003,64,광주5_29,nokia,,1순위,20,10.2,,,9.5,6.3,72,15.9,10.5,83,,,0,,0
